Top queries,Clicks,Impressions,CTR,Position
the headache lab,14,37,37.84%,1.03
headache lab,6,13,46.15%,1.46
botox savings,1,137,0.73%,15.2
migraine quiz,1,37,2.7%,17.54
blepharospasm botox injection sites,1,25,4%,1
headache quiz,1,5,20%,26
botox for twitching eyelid,1,3,33.33%,2.67
botox.for.migraines,1,1,100%,6
headache oak lawn,0,1259,0%,1.66
botox,0,1051,0%,1
botox savings program phone number,0,234,0%,13.29
blepharospasm,0,160,0%,1
botoxsavingsprogram,0,144,0%,10.99
is chicago headache clinic legit,0,77,0%,23.03
migraine pain relief,0,75,0%,1
headache treatment chicago,0,75,0%,19.07
botox savings program,0,74,0%,22.3
migraine doctor cedar lake,0,70,0%,36.53
blepharospasm near me,0,67,0%,33.45
botox for blepharospasm,0,52,0%,2.54
botox savings program for migraines,0,51,0%,4.04
headache doctor cedar lake,0,50,0%,45.02
botox for eye twitching,0,49,0%,7.53
headache clinic chicago,0,47,0%,13.53
eye twitching after botox,0,45,0%,39.62
dr thomas evergreen park,0,42,0%,5.9
migraines treatment hinsdale,0,42,0%,33.26
what to expect after botox injections for dystonia,0,40,0%,6.67
headache labs,0,40,0%,10.2
headache treatment near me,0,40,0%,24.05
headache treatment chicago il,0,35,0%,14.34
botox reimbursement,0,35,0%,44.14
headaches treatment hinsdale,0,33,0%,25.48
headache clinic evergreen park il,0,32,0%,4.09
migraines treatment westmont,0,31,0%,16.03
cervical dystonia treatment,0,30,0%,1
blepharospasm treatment near me,0,30,0%,32.83
chronic migraine quiz,0,29,0%,13.45
migraine doctor evergreen park il,0,28,0%,4.96
theheadachelab.com,0,28,0%,7.75
headache specialist evergreen park il,0,27,0%,4.52
botox for neck pain san francisco,0,27,0%,66.11
botox savings program migraine,0,26,0%,8.65
park your headache,0,25,0%,9.96
botox for migraines savings program,0,24,0%,3.83
headaches treatment westmont,0,24,0%,10.92
migraine treatment loves park,0,23,0%,18.26
headaches treatment lemont,0,23,0%,45.48
migraine doctor near me chicago suburbs,0,22,0%,13.23
botox savings plan,0,22,0%,19.09
migraine therapies chicago,0,22,0%,40.45
migraine doctor winfield,0,22,0%,68.32
headache clinic,0,20,0%,11.1
migraines treatment lemont,0,20,0%,36.75
botax,0,19,0%,1
migraine specialist,0,19,0%,18.11
migraine specialist chicago,0,19,0%,20.47
botox for chronic migraines chicago,0,19,0%,21.05
botox for neck pain,0,19,0%,29.53
cervical dystonia botox treatment,0,19,0%,30.37
botox copay assistance,0,19,0%,55.79
botox for migraine savings program,0,18,0%,5
botoxsavings,0,18,0%,14.5
headache treatment loves park,0,18,0%,14.78
the headache clinic,0,18,0%,16.72
botox saving program,0,18,0%,28.17
migraine relief chicago,0,18,0%,38.44
headaches treatment willowbrook,0,18,0%,62.06
botox blepharospasm,0,17,0%,4.24
migraine treatment nearby,0,17,0%,7.59
headaches and migraines treatment westmont,0,17,0%,18.82
migraine clinic chicago,0,17,0%,21.35
botox for eye twitching near me,0,17,0%,27.35
headache andersonville,0,17,0%,33.76
headaches treatment downers grove,0,17,0%,54
headaches treatment burr ridge,0,17,0%,57.06
migraine doctor lowell,0,17,0%,62.88
remedies for migraine pain,0,16,0%,1
where do they inject botox for eye twitching,0,16,0%,3
botox program,0,16,0%,16.06
headache specialist chicago,0,16,0%,21.44
head clinic,0,15,0%,5.87
migraine relief chicago suburbs,0,15,0%,9.07
botox migraine savings program,0,15,0%,12
migraine doctor merrillville,0,15,0%,71.4
migraine therapies wheaton,0,15,0%,74.2
blepharospasm botox,0,14,0%,8.71
my botox savings program,0,14,0%,25.57
migraines treatment burr ridge,0,14,0%,34.36
migraines treatment willowbrook,0,14,0%,56.36
headache doctor winfield,0,14,0%,81
cervical dystonia treatment illinois,0,13,0%,4
dr george thomas evergreen park,0,13,0%,4
migraine doctor westmont il,0,13,0%,5.08
headache chicago,0,13,0%,13.23
neck pain treatment westmont,0,13,0%,32.92
headaches and migraines treatment lombard,0,13,0%,44.77
cervical dystonia injections,0,13,0%,50.69
headaches and migraines treatment hinsdale,0,12,0%,13.67
headache near me,0,12,0%,33.5
blepharospasm los angeles,0,12,0%,55.33
headaches and migraines treatment elmhurst,0,12,0%,58.25
can botox help with eye twitching,0,11,0%,1
headache clinic westmont il,0,11,0%,5.27
botox injection for eye twitching,0,11,0%,6.64
chicago headache clinic,0,11,0%,19.55
headaches and migraines treatment clarendon hills,0,11,0%,20.36
my botox savings plan,0,11,0%,21.27
"visual evoked potential changes following botox administration in patients 
with blepharospasm",0,11,0%,21.27
botox injection sites for blepharospasm,0,10,0%,1
botox migraine quiz,0,10,0%,6.6
migraine doctor chicago suburbs,0,10,0%,9.5
botox savings card for migraines,0,10,0%,14.5
chicago headache relief,0,10,0%,20.6
chicago headache,0,10,0%,24.5
headache center,0,10,0%,48.4
migraine doctor hobart,0,10,0%,55.6
headaches/migraines rockford,0,10,0%,58.6
migraines treatment woodridge,0,10,0%,67
migraines treatment bolingbrook,0,10,0%,81.2
bootox,0,9,0%,1
where to inject botox for blepharospasm,0,9,0%,1
botox for blepharospasm near me,0,9,0%,6.11
headache specialist chicago suburbs,0,9,0%,14
migraine labs,0,9,0%,14.22
headache doctor chicago,0,9,0%,20.78
my botox savings,0,9,0%,21.78
headaches and migraines treatment villa park,0,9,0%,24.67
headaches and migraines treatment oak brook terrace,0,9,0%,60.78
migraine chiropractor irving park,0,9,0%,62.33
neurologist using botox for migraines,0,9,0%,63.78
botox for cervical dystonia near me,0,8,0%,1
does botox help eye twitching,0,8,0%,1
who offers botox for migraines in illinois,0,8,0%,3.25
headache specialist westmont il,0,8,0%,4.75
headaches and migraines treatment western springs,0,8,0%,5.25
headaches chicago,0,8,0%,13.75
cervical dystonia treatment near me,0,8,0%,17
botox migraine coupon,0,8,0%,17.5
botox eye twitch,0,8,0%,18.62
eye twitch botox,0,8,0%,21.62
botox savings program reviews,0,8,0%,23.12
botox injections for headaches illinois,0,8,0%,26.38
migraine doctor chicago,0,8,0%,27.25
headache ravenswood,0,8,0%,27.88
migraines treatment illinois,0,8,0%,44.75
botox for eye twitching cost,0,8,0%,45.38
new treatment for blepharospasm,0,8,0%,58.88
headaches and migraines treatment downers grove,0,8,0%,72.88
does insurance cover botox for eye twitching,0,7,0%,2.57
connie kass,0,7,0%,3.43
christine najarian,0,7,0%,4
how does the botox savings program work,0,7,0%,9.14
botox savings card migraine,0,7,0%,17.14
botox reimbursement for migraines,0,7,0%,17.29
how much does botox savings program reimburse,0,7,0%,18.43
botox benefits program,0,7,0%,21.86
botox for migraine headaches chicago il,0,7,0%,32.14
how much is botox for migraines out of pocket,0,7,0%,35
migraines illinois,0,7,0%,38.43
headaches and migraines treatment oak brook,0,7,0%,47.71
cervical dystonia and botox,0,7,0%,48.14
migraine center,0,7,0%,58.86
migraine treatment waukegan il,0,7,0%,59.57
cost of botox for migraines,0,7,0%,72.86
migraine relief naperville,0,7,0%,91
botox to stop eye twitching,0,6,0%,3
headache specialist,0,6,0%,9.5
does blue cross blue shield cover botox for migraines,0,6,0%,10.83
contact botox savings program,0,6,0%,13
eye twitching botox,0,6,0%,14.83
chicago headache doctor,0,6,0%,15.33
botox savings program mailing address,0,6,0%,17
migraine headache specialist,0,6,0%,18.83
do i have chronic migraines quiz,0,6,0%,19.33
cervical dystonia headaches,0,6,0%,22.17
botox savings card balance,0,6,0%,23.5
botox patient savings program,0,6,0%,25.17
botox savings program 2020,0,6,0%,27.33
www botox savings program com,0,6,0%,27.33
migraines chicago,0,6,0%,28.67
under eye twitching after botox,0,6,0%,30.17
botox savings program login,0,6,0%,31
headache doctor campbell,0,6,0%,33.67
how much is botox for migraines out-of-pocket,0,6,0%,37.17
headache relief white oak,0,6,0%,48.33
do i have a migraine quiz,0,6,0%,49.17
migraines waukegan il,0,6,0%,78.17
can botox help eye twitching,0,5,0%,1
eye twitching meaning,0,5,0%,1
how to bill for botox injections for migraines,0,5,0%,1
relief from migraine pain,0,5,0%,1
headache remedies 465731,0,5,0%,2
botox for twitching eye,0,5,0%,2.2
cervical dystonia,0,5,0%,2.8
migraine specialists,0,5,0%,3.6
blepharospasm botox treatment,0,5,0%,4.6
headaches doctor,0,5,0%,14.6
can botox cause eye twitching,0,5,0%,15.4
botox savings program contact number,0,5,0%,18
abbvie botox savings program,0,5,0%,18.2
allergan botox savings program,0,5,0%,19
botox savings card phone number,0,5,0%,19
headache specialists near me,0,5,0%,21
botox savings card submit claim,0,5,0%,21.2
where can i use my botox savings card,0,5,0%,21.6
uls botox savings card,0,5,0%,22
botox savings reward program,0,5,0%,22.8
where to get botox for migraines,0,5,0%,22.8
tension headaches illinois,0,5,0%,23.6
botox coupons for migraines,0,5,0%,24.2
botox savings card,0,5,0%,25
botox for migraines near me,0,5,0%,26
cervical dystonia denver,0,5,0%,26.6
botox reimbursement program,0,5,0%,27.6
"headaches chicago,illinois",0,5,0%,28
botox migraine headaches chicago,0,5,0%,31
how much is botox for migraines out of-pocket,0,5,0%,34.8
botox injections in neck,0,5,0%,39.8
botox cervical dystonia,0,5,0%,41.6
botox neck pain,0,5,0%,47
migraine treatment near me,0,5,0%,48.6
neck pain relief tinley park,0,5,0%,52.6
new treatments for blepharospasm,0,5,0%,53.8
botox for cervical dystonia,0,5,0%,55.6
migraine remedies waukegan il,0,5,0%,61.2
chronic daily headaches santa barbara,0,5,0%,63.6
headaches treatment bolingbrook,0,5,0%,64.4
migraine relief rockford il,0,5,0%,66
migraine therapies elmhurst,0,5,0%,66.6
how to get free botox for migraines,0,5,0%,70.2
head lab,0,5,0%,70.8
migraine doctor schererville,0,5,0%,70.8
migraines rockford il,0,5,0%,74.6
headache clinic in cedar rapids,0,5,0%,91.2
best remedy for migraines,0,4,0%,1
botos,0,4,0%,1
botox injections for blepharospasm,0,4,0%,1
boyox,0,4,0%,1
nerve flickering under eye,0,4,0%,1
allison dowling,0,4,0%,2.25
blepharospasm treatment botox,0,4,0%,3
botox treatment for blepharospasm,0,4,0%,3.25
can cervical dystonia cause headaches,0,4,0%,3.75
migraine dr,0,4,0%,5.25
migrane quiz,0,4,0%,11.5
headache doctor,0,4,0%,13
migrane doctors,0,4,0%,14
botox for headaches near me,0,4,0%,14.5
botox for eye twitch,0,4,0%,15.75
botox savings program number,0,4,0%,16.5
migraine treatment lincoln square il,0,4,0%,17
migraine chicago,0,4,0%,21.5
the headache,0,4,0%,25.5
the head clinic,0,4,0%,26.75
botox migraine headaches lincoln park il,0,4,0%,27
botox for migraine headaches lincoln park il,0,4,0%,28.25
migraine treatment chicago,0,4,0%,29.75
www botox reimbursement solutions com,0,4,0%,30
botox savings program claim form,0,4,0%,31.25
dystonia treatment denver,0,4,0%,33.5
botox for neck pain near me,0,4,0%,36.25
do i have migraines quiz,0,4,0%,37.5
migraine clinic,0,4,0%,40
migraine or headache quiz,0,4,0%,43
botox injections for cervical dystonia,0,4,0%,49.75
cervical dystonia botox injection sites,0,4,0%,63.5
migraine relief elmhurst,0,4,0%,64.75
migraine therapies joliet,0,4,0%,72
migraines treatment west 7th,0,4,0%,77.25
headaches rockford il,0,4,0%,85.75
naperville headache relief,0,4,0%,89
botix,0,3,0%,1
botoc,0,3,0%,1
botoux,0,3,0%,1
botox for blepharospasm injection sites,0,3,0%,1
botoz,0,3,0%,1
can botox stop eye twitching,0,3,0%,1
does botox cause eye twitching,0,3,0%,1
does botox help with eye twitching,0,3,0%,1
dr george thomas,0,3,0%,1
how does botox savings program work,0,3,0%,1
migraine,0,3,0%,1
"why are repeat injections of botox® required over time to control 
blepharospasm?",0,3,0%,1
botox for eye spasms,0,3,0%,1.67
migraine doctor,0,3,0%,5
migraine botox savings program,0,3,0%,6.67
botox savings program abbvie,0,3,0%,9
botox evergreen park,0,3,0%,10
headache institute,0,3,0%,10
botox involuntary muscle twitch,0,3,0%,12.67
botox savingd progrm number,0,3,0%,12.67
chicago headache treatment,0,3,0%,15
botox savings card claim,0,3,0%,21.67
migraine doctor near me,0,3,0%,22
botox savings card for uls,0,3,0%,22.33
botox advantage program,0,3,0%,23.33
lls botox savings,0,3,0%,27.67
botox savings plan login,0,3,0%,28
cervical dystonia botox,0,3,0%,29
headache relief chicago,0,3,0%,30
migraines near me,0,3,0%,31.33
save on botox,0,3,0%,35
therapist for chronic headaches,0,3,0%,36.33
botox injections for cervical dystonia reviews,0,3,0%,36.67
botox for migraines cost,0,3,0%,49
botox for migraines cost with insurance,0,3,0%,50
botox for cervicogenic headache,0,3,0%,51.67
botox for cervical dystonia side effects,0,3,0%,52
botox savings program eligibility,0,3,0%,53.33
botox for migraine cost,0,3,0%,54
botox copay assistance program,0,3,0%,55.33
side effects of botox for cervical dystonia,0,3,0%,56
botox migraine treatment,0,3,0%,56.33
migraine treatments waukegan il,0,3,0%,57.67
botox for migraines cost without insurance,0,3,0%,61
botox for migraines brighton,0,3,0%,61.33
headaches and migraines treatment westchester,0,3,0%,65
migraines westfield in,0,3,0%,69.33
how much is botox for migraines without insurance,0,3,0%,80.67
migraine remedies rockford il,0,3,0%,84
migraine headache treatment near me,0,3,0%,88
headache doctor hobart,0,3,0%,89.33
headache relief naperville,0,3,0%,89.33
botox for migraines novi,0,3,0%,91.33
blepherospasm,0,2,0%,1
blephrospasm,0,2,0%,1
botox injection blepharospasm,0,2,0%,1
botox trials near me,0,2,0%,1
botox.,0,2,0%,1
botpx,0,2,0%,1
can botox cause twitching eye,0,2,0%,1
can raising your eyebrows cause headaches,0,2,0%,1
cervical dystonia treatments,0,2,0%,1
fox eyes botox,0,2,0%,1
how to treat cervical dystonia,0,2,0%,1
migraine pain remedies,0,2,0%,1
migraine prophylaxis,0,2,0%,1
neck dystonia treatment,0,2,0%,1
neurologist for migraines,0,2,0%,1
what does it mean when your eye twitches,0,2,0%,1
fox eye botox,0,2,0%,2
how many units of botox for blepharospasm,0,2,0%,3
headache doctor today,0,2,0%,5
botox injections,0,2,0%,5.5
eyelid twitching botox,0,2,0%,6
botox cause eye twitching,0,2,0%,10
migraine therapy near me,0,2,0%,10
headache doctor appointment,0,2,0%,12.5
botox® savings program,0,2,0%,13.5
botox for migraines naperville,0,2,0%,17.5
headache specialist doctor near me,0,2,0%,17.5
how long does eye twitching last after botox,0,2,0%,17.5
headache treatment lincoln square il,0,2,0%,18
chicago headaches,0,2,0%,19
botox involuntary twitch,0,2,0%,20
botox rebate,0,2,0%,21.5
botox savings program maximum amount,0,2,0%,21.5
lls botox savings card,0,2,0%,21.5
blepharospasm treatment chesapeake va,0,2,0%,22.5
botox for muscle spasms in neck,0,2,0%,22.5
chicago headache center,0,2,0%,23
my botox savings card,0,2,0%,25
botox saving,0,2,0%,27
botox savings login,0,2,0%,27.5
botox savings program medicare,0,2,0%,27.5
uls botox savings,0,2,0%,27.5
before and after cervical dystonia botox,0,2,0%,28
botox copay card,0,2,0%,31
botox discount program,0,2,0%,31
when botox makes cervical dystonia,0,2,0%,31
is botox covered by insurance for migraines,0,2,0%,32
migraine surgery chicago,0,2,0%,32
migraine treatment wheaton il,0,2,0%,32
botox saving card,0,2,0%,35
botox savings card program,0,2,0%,35
dystonia headaches,0,2,0%,37
labs for migraines,0,2,0%,37
do i get migraines quiz,0,2,0%,41
botox and eye twitching,0,2,0%,41.5
botox assistance program,0,2,0%,42
botox headaches,0,2,0%,44
cervical botox injections,0,2,0%,44
is it a migraine quiz,0,2,0%,44
cervical dystonia botox injections,0,2,0%,45.5
botox and cervical dystonia,0,2,0%,47
botox oak lawn il,0,2,0%,47.5
migraine botox cost,0,2,0%,52
botox for migraine rochester,0,2,0%,55
botox for migraines price,0,2,0%,56
robbins headache clinic,0,2,0%,56
can botox injection to neck for cervical dystonia cause dizziness and nausea,0,2,0%,56.5
can botox make your eye twitch,0,2,0%,58
migraine headaches fairfield,0,2,0%,59
diamond headache chicago,0,2,0%,65
how to qualify for botox for migraines,0,2,0%,67
migraine headache treatment hammond la,0,2,0%,67.5
botox for migraine,0,2,0%,68.5
migraine treatment rockford il,0,2,0%,70.5
botox and migraines,0,2,0%,72
headaches treatments in garden city,0,2,0%,76
migraine test,0,2,0%,81.5
botox patient assistance program,0,2,0%,86
headache clinic in fairfield,0,2,0%,90
acute migraine,0,1,0%,1
are all headaches migraines,0,1,0%,1
belpharospasm,0,1,0%,1
best for migraine relief,0,1,0%,1
blepharosmasm,0,1,0%,1
blepharospasm botulinum toxin,0,1,0%,1
blepharospasm injection,0,1,0%,1
blepharospasm syndrome,0,1,0%,1
blephorasm,0,1,0%,1
bo tox,0,1,0%,1
bo-tox,0,1,0%,1
botoex,0,1,0%,1
botoox,0,1,0%,1
botox ?,0,1,0%,1
botox blepharospasm injection sites,0,1,0%,1
botox eye twitching,0,1,0%,1
botox for cervical dystonia fda approval,0,1,0%,1
botox for chronic migraine injection sites,0,1,0%,1
botox for dystonia in neck,0,1,0%,1
botox foxy eyes,0,1,0%,1
botox injection for blepharospasm,0,1,0%,1
botox injection sites for migraines diagram,0,1,0%,1
botox injections in leg muscle,0,1,0%,1
botox lab,0,1,0%,1
botox savings program submit claim,0,1,0%,1
botoxx,0,1,0%,1
bptox,0,1,0%,1
can botox cause twitching,0,1,0%,1
can botox help?,0,1,0%,1
can cervical dystonia go away,0,1,0%,1
can migraines make your face numb,0,1,0%,1
celebrities with cervical dystonia,0,1,0%,1
cervical dysphonia,0,1,0%,1
chronic migraine,0,1,0%,1
chronic migraine treatment injection,0,1,0%,1
cure for migraine headache pain,0,1,0%,1
cure for migraine pain,0,1,0%,1
doctor for headache,0,1,0%,1
doctor for migraines,0,1,0%,1
doctor thomas,0,1,0%,1
dr thomas,0,1,0%,1
dr thomas george,0,1,0%,1
episodic migraine symptoms,0,1,0%,1
evergreen botox,0,1,0%,1
eye twitching means,0,1,0%,1
eyes twitching meaning,0,1,0%,1
fox eye with botox,0,1,0%,1
fox eyes with botox,0,1,0%,1
headache after migraine,0,1,0%,1
headache consult doctor,0,1,0%,1
headache specialist doctor,0,1,0%,1
how to break a migraine cycle,0,1,0%,1
how to cure cervical dystonia,0,1,0%,1
how to fix cervical dystonia,0,1,0%,1
how to help migraine pain,0,1,0%,1
how to help with migraine pain,0,1,0%,1
is botox fda approved for migraines,0,1,0%,1
is cervical dystonia painful,0,1,0%,1
migraine botox injection sites,0,1,0%,1
migraine headache,0,1,0%,1
migraine specialist near me,0,1,0%,1
migraines and work,0,1,0%,1
occipital neuralgia vs migraine,0,1,0%,1
remedy for migraine pain,0,1,0%,1
side effects of botox for blepharospasm,0,1,0%,1
treat a migraine,0,1,0%,1
treatment cervical dystonia,0,1,0%,1
twitching eye meaning,0,1,0%,1
veotox,0,1,0%,1
what does a headache clinic do,0,1,0%,1
what does it mean when your eyes are twitching,0,1,0%,1
what is a migraine doctor called,0,1,0%,1
what is a migraine headache,0,1,0%,1
what is eye twitching,0,1,0%,1
"who offers manufacturer rebates or savings programs for injectable migraine 
medications?",0,1,0%,1
goda orentaite,0,1,0%,2
last week,0,1,0%,2
تنصحني فيه,0,1,0%,2
cervical dystonia symptoms,0,1,0%,3
eye twitching,0,1,0%,3
eye twitching new glasses,0,1,0%,3
images,0,1,0%,3
left eye twitching superstition meaning,0,1,0%,3
new treatments for cervical dystonia,0,1,0%,3
side effects of botox for dystonia,0,1,0%,3
symptoms after botox,0,1,0%,3
what causes the eye to twitch,0,1,0%,3
botox fox eye,0,1,0%,4
diston botox,0,1,0%,4
botox migraine reimbursement,0,1,0%,5
chronic migraine quiz botox,0,1,0%,5
evergreen laboratory,0,1,0%,6
havenheadache,0,1,0%,6
headache clinics,0,1,0%,6
show picture,0,1,0%,6
the headache center,0,1,0%,7
855-439-2822,0,1,0%,8
headache center chicago,0,1,0%,8
headache specialist clinic,0,1,0%,8
where do you get botox for migraines,0,1,0%,8
head and migraine clinic,0,1,0%,9
george patrick thomas,0,1,0%,10
where can i get botox for migraines,0,1,0%,10
botox for blepharospasm side effects,0,1,0%,11
in picture,0,1,0%,11
migraine relief nearby,0,1,0%,11
evergreen lab,0,1,0%,12
is botox covered for migraines,0,1,0%,12
the headache doctor,0,1,0%,12
botox involuntary twitching,0,1,0%,13
migrane doctor,0,1,0%,13
savings on botox for uls,0,1,0%,13
headache care center,0,1,0%,14
trusted providers specialists for chronic headache and chiari malformation,0,1,0%,17
botox savings card customer service,0,1,0%,19
how long does neck pain last after botox,0,1,0%,19
800-442-6869,0,1,0%,21
botox savings club,0,1,0%,21
where to get botox for headaches,0,1,0%,21
the botox savings program,0,1,0%,22
blepharospasm botox treatment aurora co,0,1,0%,23
migraines treatment downers grove,0,1,0%,23
botox for eyelid twitching,0,1,0%,24
migraine vs headache quiz,0,1,0%,24
botox for neck tension,0,1,0%,25
therapy for headaches in chicago,0,1,0%,25
botox for cervicogenic headaches,0,1,0%,26
botox savings programs,0,1,0%,26
for eyes evergreen park,0,1,0%,26
frequent headaches in illinois,0,1,0%,26
headache clinic near me,0,1,0%,26
migraine headache quiz,0,1,0%,26
the headache institute,0,1,0%,26
botoxsavings program,0,1,0%,27
how long do side effects of botox for cervical dystonia,0,1,0%,27
migraine botox injection points,0,1,0%,27
botox savings program sign in,0,1,0%,28
headaches clinics,0,1,0%,28
botox for migraines relief,0,1,0%,29
botox side effects eye twitching,0,1,0%,29
heachache pain relief chicago,0,1,0%,29
headaches treatment near me,0,1,0%,30
chronic migraine treatment midtown,0,1,0%,32
headache relief chicago il,0,1,0%,32
genesis headache clinic,0,1,0%,33
login botox savings program,0,1,0%,33
botox for neck pain and headaches,0,1,0%,34
botox savings program.com,0,1,0%,34
can botox make cervical dystonia worse,0,1,0%,34
headache or migraine quiz,0,1,0%,34
his story headache,0,1,0%,34
migraine treatment white lake,0,1,0%,34
cost of botox for migraines without insurance,0,1,0%,35
headaches treatment woodridge,0,1,0%,35
dystonia migraine,0,1,0%,36
botox copay savings card,0,1,0%,37
botox treatment for migraines,0,1,0%,37
migraine type quiz,0,1,0%,37
www.botox savings program.com,0,1,0%,37
botox savings program customer service,0,1,0%,38
chicago headache center naperville,0,1,0%,38
how to get approved for botox for migraines,0,1,0%,39
abbvie botox assistance program,0,1,0%,40
headache vs migraine quiz,0,1,0%,40
botox for cervical spondylosis,0,1,0%,41
puoi mostrarmi qualche immagine?,0,1,0%,41
botox for neck spasms,0,1,0%,42
eyelid twitching after botox,0,1,0%,42
headache schaumburg,0,1,0%,42
how does botox prevent migraines,0,1,0%,42
type of migraine quiz,0,1,0%,42
botox coupon program,0,1,0%,43
botoxsavingsprogram.com,0,1,0%,43
how long does botox for migraines take to work,0,1,0%,43
headache relief west 7th,0,1,0%,44
headache remedy waukegan il,0,1,0%,44
how to get botox covered by insurance for migraines,0,1,0%,44
botox treatment for cervical dystonia,0,1,0%,46
botoxsaving,0,1,0%,46
botox injection cervical dystonia,0,1,0%,47
"headaches palatine, il",0,1,0%,47
botox injection for cervical dystonia,0,1,0%,49
silent migraine quiz,0,1,0%,49
headache treatment wheaton il,0,1,0%,50
ucla headache clinic,0,1,0%,50
what kind of migraine do i have quiz,0,1,0%,50
what type of migraine do i have quiz,0,1,0%,50
botox for chronic neck pain,0,1,0%,52
botox migraine cost,0,1,0%,53
botox shots for migraine headaches,0,1,0%,53
cervical dystonia botox side effects,0,1,0%,53
botox chronic migraine,0,1,0%,54
botox injection sites for cervical dystonia,0,1,0%,54
diamond head clinic chicago,0,1,0%,54
migraine clinic beaumont,0,1,0%,56
botox for headaches cost,0,1,0%,57
headaches waukegan il,0,1,0%,59
diamond headache clinic in chicago,0,1,0%,60
synergy headache,0,1,0%,61
botox injections for neck spasms,0,1,0%,63
eye drops for blepharospasm,0,1,0%,64
migraine treatments rockford il,0,1,0%,66
daily headaches santa barbara,0,1,0%,67
migrane treatment near me,0,1,0%,67
how to get botox for migraines covered by insurance,0,1,0%,68
family therapy evergreen park il,0,1,0%,69
best doctor for botox migraine treatment west hills,0,1,0%,70
migraine and headache care in ozark,0,1,0%,70
headache doctor merrillville,0,1,0%,72
headaches and migraines treatment glen ellyn,0,1,0%,72
best headache clinics in the world,0,1,0%,73
do i have migraine quiz,0,1,0%,76
botox injections for chronic migraines,0,1,0%,77
cost of botox injections for migraines,0,1,0%,77
injection therapy for migraines,0,1,0%,77
is botox for headaches covered by insurance,0,1,0%,78
botox injections for migraines near me,0,1,0%,79
headache wellness center,0,1,0%,80
migraine relief westfield in,0,1,0%,81
botox injections for migraines cost,0,1,0%,82
migraine remedies westfield in,0,1,0%,82
botox for pain in neck,0,1,0%,83
migraine treatment westfield in,0,1,0%,83
best headache and migraine specialist west hills,0,1,0%,84
headache treatments rockford il,0,1,0%,86
how much is botox for migraines,0,1,0%,86
the migraine and headache program review,0,1,0%,86
how much does botox for migraines cost,0,1,0%,88
blepharospasm natural treatment,0,1,0%,92
botox orland park,0,1,0%,93
where do you get botox shots for migraines,0,1,0%,95
how much does botox cost for migraines,0,1,0%,96
what sort of headache do i have quiz,0,1,0%,97
botox for free,0,1,0%,99
migraines treatment new lenox,0,1,0%,100
where do you get botox for headaches,0,1,0%,100